Workbook

Sheet Dataset
A1: Non-High-Income Countries (N=80, 2022)
A3: Country Name | B3: FLFP (%) | C3: Urban Pop (%) | D3: log(Fertility) | E3: log(FemLifeExp) | F3: South Asia Dummy | G3: Fertility Rate | H3: Female Life Exp
A4: Albania | B4: 56.407 | C4: 57.864348 | D4: 0.30380145 | E4: 4.3917418 | F4: 0 | G4: 1.355 | H4: 80.781
A5: Algeria | B5: 14.331 | C5: 74.179586 | D5: 1.0356725 | E5: 4.3514643 | F5: 0 | G5: 2.817 | H5: 77.592
A6: Argentina | B6: 51.868 | C6: 92.112838 | D6: 0.39339253 | E6: 4.3607775 | F6: 0 | G6: 1.482 | H6: 78.318
A7: Armenia | B7: 50.24 | C7: 65.562446 | D7: 0.53062825 | E7: 4.3605476 | F7: 0 | G7: 1.7 | H7: 78.3
A8: Azerbaijan | B8: 62.165 | C8: 58.438282 | D8: 0.51282363 | E8: 4.3395627 | F8: 0 | G8: 1.67 | H8: 76.674
A9: Bangladesh | B9: 43.687 | C9: 31.673735 | D9: 0.77886606 | E9: 4.3314042 | F9: 1 | G9: 2.179 | H9: 76.051
A10: Belarus | B10: 57.892 | C10: 78.473279 | D10: 0.28216689 | E10: 4.3694732 | F10: 0 | G10: 1.326 | H10: 79.002
A11: Belize | B11: 43.563 | C11: 42.137325 | D11: 0.66731642 | E11: 4.3188738 | F11: 0 | G11: 1.949 | H11: 75.104
A12: Benin | B12: 74.633 | C12: 50.9627 | D12: 1.5334204 | E12: 4.123094 | F12: 0 | G12: 4.634 | H12: 61.75
A13: Bhutan | B13: 52.51 | C13: 40.936514 | D13: 0.39068982 | E13: 4.3137746 | F13: 1 | G13: 1.478 | H13: 74.722
A14: Bolivia | B14: 71.715 | C14: 70.63526 | D14: 0.94933859 | E14: 4.2521315 | F14: 0 | G14: 2.584 | H14: 70.255
A15: Bosnia and Herzegovina | B15: 38.537 | C15: 51.021529 | D15: 0.39271754 | E15: 4.3910855 | F15: 0 | G15: 1.481 | H15: 80.728
... A83: West Bank and Gaza | B83: 18.934 | C83: 86.596142 | D83: 1.2163953 | E83: 4.371269 | F83: 0 | G83: 3.375 | H83: 79.144

Sheet Descriptive Statistics
A1: Descriptive Statistics
A3: Variable | B3: N | C3: Mean | D3: Std Dev | E3: Min | F3: Max | G3: Median | H3: Role
A4: FLFP (%) | B4: 80 | C4: =AVERAGE(Dataset!B4:B83) -> 48.292479 | D4: =STDEV(Dataset!B4:B83) -> 14.754003 | E4: =MIN(Dataset!B4:B83) -> 13.02 | F4: =MAX(Dataset!B4:B83) -> 77.173 | G4: =MEDIAN(Dataset!B4:B83) -> 51.176668 | H4: Dependent
A5: Urban Population (%) | B5: 80 | C5: =AVERAGE(Dataset!C4:C83) -> 56.2442 | D5: =STDEV(Dataset!C4:C83) -> 19.06509 | E5: =MIN(Dataset!C4:C83) -> 16.714603 | F5: =MAX(Dataset!C4:C83) -> 92.404838 | G5: =MEDIAN(Dataset!C4:C83) -> 57.926169 | H5: Independent
A6: Fertility Rate (raw) | B6: 80 | C6: =AVERAGE(Dataset!G4:G83) -> 2.4534385 | D6: =STDEV(Dataset!G4:G83) -> 0.93510273 | E6: =MIN(Dataset!G4:G83) -> 1.221 | F6: =MAX(Dataset!G4:G83) -> 4.634 | G6: =MEDIAN(Dataset!G4:G83) -> 2.203 | H6: Reference only
A7: log(Fertility Rate) | B7: 80 | C7: =AVERAGE(Dataset!D4:D83) -> 0.83064727 | D7: =STDEV(Dataset!D4:D83) -> 0.36296223 | E7: =MIN(Dataset!D4:D83) -> 0.1996702 | F7: =MAX(Dataset!D4:D83) -> 1.5334204 | G7: =MEDIAN(Dataset!D4:D83) -> 0.78976072 | H7: Independent
A8: Female Life Exp (raw) | B8: 80 | C8: =AVERAGE(Dataset!H4:H83) -> 74.522302 | D8: =STDEV(Dataset!H4:H83) -> 5.0731415 | E8: =MIN(Dataset!H4:H83) -> 61.75 | F8: =MAX(Dataset!H4:H83) -> 82.546 | G8: =MEDIAN(Dataset!H4:H83) -> 76.17 | H8: Reference only
A9: log(Female Life Exp) | B9: 80 | C9: =AVERAGE(Dataset!E4:E83) -> 4.3087061 | D9: =STDEV(Dataset!E4:E83) -> 0.070402723 | E9: =MIN(Dataset!E4:E83) -> 4.123094 | F9: =MAX(Dataset!E4:E83) -> 4.4133557 | G9: =MEDIAN(Dataset!E4:E83) -> 4.3329677 | H9: Independent
A10: South Asia Dummy | B10: 80 | C10: =AVERAGE(Dataset!F4:F83) -> 0.0875 | D10: =STDEV(Dataset!F4:F83) -> 0.28434913 | E10: =MIN(Dataset!F4:F83) -> 0 | F10: =MAX(Dataset!F4:F83) -> 1 | G10: =MEDIAN(Dataset!F4:F83) -> 0 | H10: Independent / Dummy

Sheet Regression Results
A1: OLS Regression Results
A3: Variable | B3: Coefficient (β) | C3: Std Error | D3: t-statistic | E3: p-value | F3: 95% CI Lower | G3: 95% CI Upper
A4: Intercept | B4: 642.5595 | C4: 142.0926 | D4: 4.5221 | E4: 0 | F4: 359.4965 | G4: 925.6224
A5: Urban Population (%) | B5: -0.178 | C5: 0.0892 | D5: -1.9962 | E5: 0.0495 | F5: -0.3556 | G5: -0.0004
A6: log(Fertility Rate) | B6: -25.721 | C6: 6.0572 | D6: -4.2463 | E6: 0.0001 | F6: -37.7876 | G6: -13.6543
A7: log(Female Life Exp) | B7: -130.261 | C7: 32.4673 | D7: -4.0121 | E7: 0.0001 | F7: -194.9392 | G7: -65.5829
A8: South Asia Dummy | B8: -18.675 | C8: 5.31 | D8: -3.517 | E8: 0.0007 | F8: -29.253 | G8: -8.097
A10: Model Fit Statistics
A11: R² | B11: 0.3223
A12: Adjusted R² | B12: 0.2861
A13: F-statistic | B13: 8.916
A14: F p-value | B14: 6.05e-06
A15: Observations (N) | B15: 80
A25: SUMMARY OUTPUT
A27: Regression Statistics
A28: Multiple R | B28: 0.56768857
A29: R Square | B29: 0.32227031
A30: Adjusted R Square | B30: 0.28612472
A31: Standard Error | B31: 12.465825
A32: Observations | B32: 80
A34: ANOVA
B35: df | C35: SS | D35: MS | E35: F | F35: Significance F
A36: Regression | B36: 4 | C36: 5542.0078 | D36: 1385.5019 | E36: 8.9158972 | F36: 6.0450167e-06
A37: Residual | B37: 75 | C37: 11654.76 | D37: 155.39681
A38: Total | B38: 79 | C38: 17196.768
B40: Coefficients | C40: Standard Error | D40: t Stat | E40: P-value | F40: Lower 95% | G40: Upper 95% | H40: Lower 95% | I40: Upper 95%
A41: Intercept | B41: 642.55946 | C41: 142.09259 | D41: 4.5221181 | E41: 2.249451e-05 | F41: 359.49651 | G41: 925.62241 | H41: 359.49651 | I41: 925.62241
A42: Urban Pop (%) | B42: -0.17799744 | C42: 0.089168477 | D42: -1.9961925 | E42: 0.049543296 | F42: -0.35563016 | G42: -0.00036473225 | H42: -0.35563016 | I42: -0.00036473225
A43: log(Fertility) | B43: -25.720956 | C43: 6.0572237 | D43: -4.2463275 | E43: 6.1588774e-05 | F43: -37.787564 | G43: -13.654348 | H43: -37.787564 | I43: -13.654348
A44: log(FemLifeExp) | B44: -130.26104 | C44: 32.467272 | D44: -4.0120724 | E44: 0.00014111413 | F44: -194.93916 | G44: -65.582922 | H44: -194.93916 | I44: -65.582922
A45: South Asia Dummy | B45: -18.675012 | C45: 5.3099586 | D45: -3.5169789 | E45: 0.00074481246 | F45: -29.252992 | G45: -8.0970327 | H45: -29.252992 | I45: -8.0970327

Sheet Variable VIF Summary
A1: Variable VIF Summary
A3: Variable | B3: VIF | C3: Interpretation
A4: Urban Population (%) | B4: 1.469 | C4: VIF=1.47 — minimal multicollinearity
A5: log(Fertility Rate) | B5: 2.457 | C5: VIF=2.46 — mild, well within acceptable range
A6: log(Female Life Exp) | B6: 2.656 | C6: VIF=2.66 — mild, well within acceptable range
A7: South Asia Dummy | B7: 1.159 | C7: VIF=1.16 — minimal, dummy virtually uncorrelated

Sheet Urban Population VIF
A1: Urban Population (%)
A2: SUMMARY OUTPUT
A4: Regression Statistics
A5: Multiple R | B5: 0.56512344
A6: R Square | B6: 0.31936451
A7: Adjusted R Square | B7: 0.29249732
A8: Standard Error | B8: 16.036253
A9: Observations | B9: 80
A11: ANOVA
B12: df | C12: SS | D12: MS | E12: F | F12: Significance F
A13: Regression | B13: 3 | C13: 9170.4668 | D13: 3056.8223 | E13: 11.886785 | F13: 1.8235346e-06
A14: Residual | B14: 76 | C14: 19544.267 | D14: 257.16141
A15: Total | B15: 79 | C15: 28714.734
B17: Coefficients | C17: Standard Error | D17: t Stat | E17: P-value | F17: Lower 95% | G17: Upper 95% | H17: Lower 95% | I17: Upper 95%
A18: Intercept | B18: -401.89153 | C18: 176.88158 | D18: -2.2720937 | E18: 0.025909279 | F18: -754.18172 | G18: -49.60133 | H18: -754.18172 | I18: -49.60133
A19: log(Fertility) | B19: -5.9833829 | C19: 7.7618313 | D19: -0.77087257 | E19: 0.44317242 | F19: -21.442409 | G19: 9.4756437 | H19: -21.442409 | I19: 9.4756437
A20: log(FemLifeExp) | B20: 107.91387 | C20: 39.889949 | D20: 2.7052898 | E20: 0.0084201847 | F20: 28.466156 | G20: 187.36159 | H20: 28.466156 | I20: 187.36159
A21: South Asia Dummy | B21: -21.295607 | C21: 6.3791057 | D21: -3.3383374 | E21: 0.0013074385 | F21: -34.000697 | G21: -8.5905171 | H21: -34.000697 | I21: -8.5905171
A23: VIF | B23: =1/(1-B6) -> 1.4692152

Sheet log(Fertility rate) VIF
A1: log(Fertility Rate)
A2: SUMMARY OUTPUT
A4: Regression Statistics
A5: Multiple R | B5: 0.77009506
A6: R Square | B6: 0.5930464
A7: Adjusted R Square | B7: 0.57698244
A8: Standard Error | B8: 0.23606991
A9: Observations | B9: 80
A11: ANOVA
B12: df | C12: SS | D12: MS | E12: F | F12: Significance F
A13: Regression | B13: 3 | C13: 6.1721807 | D13: 2.0573936 | E13: 36.917825 | F13: 7.8825835e-15
A14: Residual | B14: 76 | C14: 4.2354041 | D14: 0.055729002
A15: Total | B15: 79 | C15: 10.407585
B17: Coefficients | C17: Standard Error | D17: t Stat | E17: P-value | F17: Lower 95% | G17: Upper 95% | H17: Lower 95% | I17: Upper 95%
A18: Intercept | B18: 17.124057 | C18: 1.8391279 | D18: 9.3109657 | E18: 3.3949315e-14 | F18: 13.461116 | G18: 20.786998 | H18: 13.461116 | I18: 20.786998
A19: Urban Pop (%) | B19: -0.0012966485 | C19: 0.001682053 | D19: -0.77087257 | E19: 0.44317242 | F19: -0.0046467472 | G19: 0.0020534503 | H19: -0.0046467472 | I19: 0.0020534503
A20: log(FemLifeExp) | B20: -3.7626493 | C20: 0.4378934 | D20: -8.5926148 | E20: 8.0547893e-13 | F20: -4.6347896 | G20: -2.890509 | H20: -4.6347896 | I20: -2.890509
A21: South Asia Dummy | B21: -0.095206274 | C21: 0.099961843 | D21: -0.95242615 | E21: 0.34390024 | F21: -0.29429754 | G21: 0.10388499 | H21: -0.29429754 | I21: 0.10388499
A23: VIF | B23: =1/(1-B6) -> 2.4572826

Sheet log(Female life expectancy) VIF
A1: log(Female life Exp)
A2: SUMMARY OUTPUT
A4: Regression Statistics
A5: Multiple R | B5: 0.78963141
A6: R Square | B6: 0.62351777
A7: Adjusted R Square | B7: 0.60865662
A8: Standard Error | B8: 0.044042144
A9: Observations | B9: 80
A11: ANOVA
B12: df | C12: SS | D12: MS | E12: F | F12: Significance F
A13: Regression | B13: 3 | C13: 0.24414894 | D13: 0.081382979 | E13: 41.956252 | F13: 4.4408921e-16
A14: Residual | B14: 76 | C14: 0.14741799 | D14: 0.0019397104
A15: Total | B15: 79 | C15: 0.39156693
B17: Coefficients | C17: Standard Error | D17: t Stat | E17: P-value | F17: Lower 95% | G17: Upper 95% | H17: Lower 95% | I17: Upper 95%
A18: Intercept | B18: 4.370498 | C18: 0.026254129 | D18: 166.46897 | E18: 3.6734276e-99 | F18: 4.3182083 | G18: 4.4227876 | H18: 4.3182083 | I18: 4.4227876
A19: Urban Pop (%) | B19: 0.00081396999 | C19: 0.00030088088 | D19: 2.7052898 | E19: 0.0084201847 | F19: 0.00021471379 | G19: 0.0014132262 | H19: 0.00021471379 | I19: 0.0014132262
A20: South Asia Dummy | B20: 0.013843835 | C20: 0.018692916 | D20: 0.74059258 | E20: 0.46122248 | F20: -0.023386334 | G20: 0.051074004 | H20: -0.023386334 | I20: 0.051074004
A21: log(Fertility) | B21: -0.13096323 | C21: 0.015241371 | D21: -8.5926148 | E21: 8.0547893e-13 | F21: -0.16131905 | G21: -0.10060741 | H21: -0.16131905 | I21: -0.10060741
A23: VIF | B23: =1/(1-B6) -> 2.6561678

Sheet South Asia VIF Test
A1: South Asia
A2: SUMMARY OUTPUT
A4: Regression Statistics
A5: Multiple R | B5: 0.37035484
A6: R Square | B6: 0.1371627
A7: Adjusted R Square | B7: 0.10310334
A8: Standard Error | B8: 0.26929179
A9: Observations | B9: 80
A11: ANOVA
B12: df | C12: SS | D12: MS | E12: F | F12: Significance F
A13: Regression | B13: 3 | C13: 0.87612677 | D13: 0.29204226 | E13: 4.0271654 | F13: 0.010282061
A14: Residual | B14: 76 | C14: 5.5113732 | D14: 0.072518069
A15: Total | B15: 79 | C15: 6.3875
B17: Coefficients | C17: Standard Error | D17: t Stat | E17: P-value | F17: Lower 95% | G17: Upper 95% | H17: Lower 95% | I17: Upper 95%
A18: Intercept | B18: -1.7018723 | C18: 3.0633274 | D18: -0.55556331 | E18: 0.58014118 | F18: -7.8030174 | G18: 4.3992728 | H18: -7.8030174 | I18: 4.3992728
A19: Urban Pop (%) | B19: -0.0060052412 | C19: 0.0017988719 | D19: -3.3383374 | E19: 0.0013074385 | F19: -0.009588005 | G19: -0.0024224774 | H19: -0.009588005 | I19: -0.0024224774
A20: log(FemLifeExp) | B20: 0.517566 | C20: 0.69885389 | D20: 0.74059258 | E20: 0.46122248 | F20: -0.87432212 | G20: 1.9094541 | H20: -0.87432212 | I20: 1.9094541
A21: log(Fertility) | B21: -0.12388837 | C21: 0.13007661 | D21: -0.95242615 | E21: 0.34390024 | F21: -0.38295839 | G21: 0.13518166 | H21: -0.38295839 | I21: 0.13518166
A23: VIF | B23: =1/(1-B6) -> 1.1589671

Sheet Whites Test - checking for hete
A1: White's Test - Checking for Heteroskedasticity
A3: Auxiliary R² | B3: 0.238432
A4: N (observations | B4: 80
A5: k (auxiliary regressors) | B5: 13
A6: LM statistic (N × R²) | B6: 19.0746
A7: Chi-square p-value | B7: 0.1208
A8: F-statistic | B8: 1.5895
A9: F p-value | B9: 0.1108
A11: 0.1208 > 0.05
A12: FAIL TO REJECT H₀ — NO HETEROSKEDASTICITY

Sheet Trials
A1: Stage | B1: Variables | C1: Sample | D1: R^2 | E1: Heteroskedasticity | F1: Significance of Variables | G1: Status
A2: 1 | B2: Fertility, GDP Growth, Education, Urban, Unemployment | C2: N=132 | D2: 0.08 | E2: Yes | F2: No | G2: Rejected
A3: 2 | B3: log(GDPpc), FemLifeExp, MENA, WomenParl, Urban | C3: N=132 | D3: 0.38 | E3: Yes | F3: No | G3: Rejected
A4: 3 | B4: All combinations tested (21+ models) | C4: N=132 | D4: Various | E4: Yes | F4: Various | G4: Rejected
A5: 4 | B5: FemLifeExp + log(GDPpc) + WomenParl (no dummy) | C5: N=80 | D5: 0.244 | E5: No | F5: Yes | G5: Rejected (no dummy)
A6: 5 | B6: Urban + log(Fert) + log(FLE) + SouthAsia | C6: N=80 | D6: 0.322 | E6: No | F6: Yes | G6: Final Model

Sheet Variable Summary
A1: Variable | B1: Description | C1: WDI Code | D1: Role
A2: FLFP (%) | B2: Female LFP rate, ages 15+ | C2: SL.TLF.CACT.FE.ZS | D2: Dependent
A3: Urban Pop (%) | B3: Urban population share | C3: SP.URB.TOTL.IN.ZS | D3: Independent
A4: log(Fertility Rate) | B4: log of total fertility rate | C4: SP.DYN.TFRT.IN → log | D4: Independent
A5: log(FemLifeExp) | B5: log of female life expectancy | C5: SP.DYN.LE00.FE.IN → log | D5: Independent
A6: South Asia Dummy | B6: South Asia regional dummy (0/1) | C6: World Bank classification | D6: Dummy

Sheet Summary Table
A1: Variable | B1: Theory | C1: Expected Sign | D1: Actual Sign | E1: β Value | F1: p-value | G1: Theory Confirmation
A2: Urban Population | B2: Goldin (1995) — U-curve | C2: − | D2: − | E2: −0.178 | F2: 0.0495 | G2: Yes
A3: log(Fertility Rate) | B3: Becker (1965) — Time allocation | C3: − | D3: − | E3: −25.721 | F3: <0.001 | G3: Yes
A4: log(Female Life Exp) | B4: Grossman (1972) — conditional | C4: − | D4: − | E4: −130.26 | F4: <0.001 | G4: Yes
A5: South Asia Dummy | B5: Klasen & Pieters (2015) — institutional | C5: − | D5: − | E5: −18.675 | F5: 0.0007 | G5: Yes
